Filename,Brand,Age,Step Therapy Requirements Documented in Policy,Number of Steps through Brands,Number of Steps through Generic,Step through-Phototherapy,TB Test required,Quantity Limits,Specialist Types,Initial Authorization Duration(in-months),Reauthorization Duration(in-months),Reauthorization Required,Reauthorization Requirements Documented in Policy,Access Score
330109-4880941.pdf,TREMFYA,>=18,"Member has had an inadequate response or intolerance to either phototherapy (e.g., UVB, PUVA) or pharmacologic treatment with methotrexate, cyclosporine, or acitretin. The patient is unable to take THREE preferred products, where indicated, for the given diagnosis due to a trial and inadequate treatment response or intolerance, or a contraindication. Documentation is required for approval. - A preferred ustekinumab product - TWO additional preferred products o A preferred adalimumab product OR Enbrel o Rinvoq o Otezla",2,1,No,Yes,• Tremfya (guselkumab) 100 mg/mL prefilled syringe/One-press injector: o 1 syringe/injector per 56 days o Exception limit: 2 syringes/injectors per 28 days • Tremfya (guselkumab) 200 mg/2 mL prefilled syringe/pen: o 1 syringe/pen per 28 days o Exception limit: 6 syringes/pens per 56 days,Dermatologist,12,12,Yes,"Authorization of 12 months may be granted for all adult members (including new members) who are using the requested medication for moderate to severe plaque psoriasis and who achieve or maintain a positive clinical response as evidenced by low disease activity or improvement in signs and symptoms of the condition when either of the following is met: • Reduction in body surface area (BSA) affected from baseline • Improvement in signs and symptoms from baseline (e.g., itching, redness, flaking, scaling, burning, cracking, pain)",50
148593-4960549.pdf,STELARA,>=6,"For the treatment of chronic severe plaque psoriasis, member has a contraindication, intolerance or ineffective response to all of the following available equivalent alternative targeted immune modulators (one-month trial): both Ilumya, Stelara, and either Avsola, Inflectra, or Renflexis. For members 6 years of age or older who have previously received a biologic or targeted synthetic drug (e.g., Sotyktu, Otezla) indicated for the treatment of moderate to severe plaque psoriasis; or For members 6 years of age or older for the treatment of moderate to severe plaque psoriasis when any of the following criteria is met: At least 3% of body surface area (BSA) is affected and the member meets either of the following criteria: Has had an inadequate response or contraindication to topical agents (e.g., corticosteroids, calcipotriene, tazarotene), phototherapy (e.g., UVB, PUVA), or pharmacologic treatment with methotrexate, cyclosporine, or acitretin; or Has had an inadequate response or contraindication to at least one systemic agent (e.g., methotrexate, cyclosporine, or acitretin (see Appendix);",2,1,No,No,No,NA,Unspecified,Unspecified,Yes,Unspecified,75
305252-5002815.pdf,TREMFYA,>=18,No,No,No,No,Yes,No,NA,Unspecified,NA,NA,NA,100
176207-4867884.pdf,TREMFYA,>=18,"At least 3% of body surface area (BSA) is affected and the member meets either of the following criteria: Member has had an inadequate response or intolerance to either phototherapy (e.g., UVB, PUVA) or pharmacologic treatment with methotrexate, cyclosporine, or acitretin. Member has a clinical reason to avoid pharmacologic treatment with methotrexate, cyclosporine, and acitretin (see Appendix).",No,1,No,Yes,No,Dermatologist,12,12,Yes,"who achieve or maintain a positive clinical response as evidenced by low disease activity or improvement in signs and symptoms of the condition when either of the following is met: Reduction in body surface area (BSA) affected from baseline Improvement in signs and symptoms from baseline (e.g., itching, redness, flaking, scaling, burning, cracking, pain)",75
324603-4962713.pdf,STELARA,>=6,"Member has had an inadequate response or intolerance to either phototherapy (e.g., UVB, PUVA) or pharmacologic treatment with methotrexate, cyclosporine, or acitretin.",No,1,No,Yes,No,Dermatologist,12,12,Yes,"Authorization of 12 months may be granted for all members 6 years of age and older (including new members) who are using the requested medication for moderate to severe plaque psoriasis and who achieve or maintain a positive clinical response as evidenced by low disease activity or improvement in signs and symptoms of the condition when either of the following is met: Reduction in body surface area (BSA) affected from baseline Improvement in signs and symptoms from baseline (e.g., itching, redness, flaking, scaling, burning, cracking, pain)",75
378692-5003182.pdf,STELARA,>=6,"The patient is unable to take THREE preferred products, where indicated, for the given diagnosis due to a trial and inadequate treatment response or intolerance, or a contraindication. Member has had an inadequate response or intolerance to either phototherapy (e.g., UVB, PUVA) or pharmacologic treatment with methotrexate, cyclosporine, or acitretin.",1,1,No,Yes,• Stelara (ustekinumab) 130 mg/26 mL singledose vial: 4 vials (1 dose) • Stelara (ustekinumab) subcutaneous injection 45 mg/0.5 mL single-dose vial/prefilled syringe 1 vial/syringe per 84 days Exception limit: 2 vials/syringes per 28 days • Stelara (ustekinumab) subcutaneous injection 90 mg/mL prefilled syringe 1 syringe per 56 days Exception limit: 2 syringes per 28 days,Dermatologist,12,12,Yes,"Authorization of 12 months may be granted for all members 6 years of age and older (including new members) who are using the requested medication for moderate to severe plaque psoriasis and who achieve or maintain a positive clinical response as evidenced by low disease activity or improvement in signs and symptoms of the condition when either of the following is met: • Reduction in body surface area (BSA) affected from baseline • Improvement in signs and symptoms from baseline (e.g., itching, redness, flaking, scaling, burning, cracking, pain)",75
378792-5004240.pdf,TREMFYA,>=18,"Member has had an inadequate response or intolerance to either phototherapy (e.g., UVB, PUVA) or pharmacologic treatment with methotrexate, cyclosporine, or acitretin.",No,1,No,Yes,• Tremfya (guselkumab) 100 mg/mL prefilled syringe/One-press injector: 1 syringe/injector per 56 days o Exception limit: 2 syringes/injectors per 28 days o • Tremfya (guselkumab) 200 mg/2 mL prefilled syringe/pen: 1 syringe/pen per 28 days o Exception limit: 6 syringes/pens per 56 days o,Dermatologist,12,12,Yes,Continuation of Therapy Plaque psoriasis (PsO)1-6 Authorization of 12 months may be granted for all adult members (including new members) who are using the requested medication for moderate to severe plaque psoriasis and who achieve or maintain a positive clinical response as evidenced by low disease activity or improvement in signs and symptoms of the condition when either of the following is met: • Reduction in body surface area (BSA) affected from baseline. Continuation requests Chart notes or medical record documentation of decreased body surface area (BSA) affected and/or improvement in signs and symptoms.,75
250819-3621812.pdf,STELARA,>=6,"Phototherapy (PUVA (psoralen ultraviolet type A), UVB (ultraviolet type B)) has been ineffective. Documented inadequate response, intolerance, or contraindication, to at least one oral systemic therapy such as methotrexate, or cyclosporine for 3 months or more",No,1,Yes,Yes,"Weight <100kg: One, 45mg syringe per 28 days for initial 2 months; then one, 45mg syringe per 84 days; Weight >100kg: One, 90mg syringe per 28 days for initial 2 months; then one, 90mg syringe per 84 days",Appropriate Specialist,6,6,Yes,Documentation indicating member has shown improvement in signs and symptoms of disease,75
250819-3621812.pdf,TREMFYA,>=18,NA,No,No,No,Yes,Two syringes or injectors in the initial 28 days then one syringe or injector every 8 weeks,Appropriate Specialist,6,6,Yes,Documentation indicating member has shown improvement in signs and symptoms of disease,75
296961-4569911.pdf,STELARA,>=6,"Biologic response modifiers (BRMs), also known as immunomodulators, are the class of medications that target the disease-causing mechanism. They are used in autoimmune diseases as first-line medications or after the failure of conventional agents. maximally tolerated doses (TWO months of each) unless contraindicated or clinically significant adverse effects are experienced (document drug, date, and duration of trial): i. Topical corticosteroids ii. Acitretin iii. Topical Vitamin D analogs (e.g., calcitriol) iv. Calcineurin inhibitors (e.g., tacrolimus or pimecrolimus) v. Topical retinoic acid derivatives vi. Phototherapy",No,5,Yes,Yes,Reference Formulary for drug specific quantity level limits,NA,6,NA,NA,NA,75
296961-4569911.pdf,TREMFYA,Any,"maximally tolerated doses (TWO months of each) unless contraindicated or clinically significant adverse effects are experienced (document drug, date, and duration of trial): i. Topical corticosteroids ii. Acitretin iii. Topical Vitamin D analogs (e.g., calcitriol) iv. Calcineurin inhibitors (e.g., tacrolimus or pimecrolimus) v. Topical retinoic acid derivatives vi. Phototherapy",No,5,Yes,No,No,NA,Unspecified,NA,NA,NA,75
337814-4985370.pdf,STELARA,Any,NA,No,No,No,No,No,NA,Unspecified,NA,NA,NA,100
337814-4985370.pdf,TREMFYA,Any,NA,No,No,No,No,No,NA,Unspecified,NA,NA,NA,100
364054-4720790.pdf,STELARA,Any,NA,No,No,No,No,No,NA,Unspecified,NA,NA,NA,100
364054-4720790.pdf,TREMFYA,Any,NA,No,No,No,No,No,NA,Unspecified,NA,NA,NA,100
56061-4538520.pdf,STELARA,>=6,Has failed or has a contraindication to at least one topical agent.,No,1,No,No,No,NA,1,12,Yes,"A letter of medical necessity with chart notes demonstrating therapeutic benefit. Baseline and current PASI score (or equivalent, for Ps). Documentation of tolerance and absence of adverse events.",75
361486-4654549.pdf,TREMFYA,FDA approved age,No,No,No,No,Yes,No,NA,3,12,Yes,Unspecified,75
363337-5004251.pdf,STELARA,Any,For plaque psoriasis (initial requests): One of the following was ineffective or not tolerated: a) methotrexate at a dose of at least 10mg/week (or maximally tolerated dose) OR b) acitretin.,No,1,No,No,No,Dermatologist,12,Unspecified,Yes,For continuation requests (all diagnoses): Member has benefited with use of this medication.,100
270849-4873664.pdf,TREMFYA,>=18,"a. Inadequate response to one of the following topical therapies: a corticosteroid, a vitamin D analog, tazarotene, calcineurin inhibitor, anthralin, or coal tar b. Contraindication to all of the following topical therapies: corticosteroids, vitamin D analogs, tazarotene, calcineurin inhibitors, anthralin, and coal tar c. Previous treatment with a biologic agent indicated for the requested use",1,No,No,No,No,NA,Unspecified,NA,NA,NA,100
258503-4913513.pdf,TREMFYA,>=18,"Authorization of 12 months may be granted for adult members who have previously received a biologic or targeted synthetic drug (e.g., Sotyktu, Otezla) indicated for the treatment of moderate to severe plaque psoriasis. Member has had an inadequate response or intolerance to either phototherapy (e.g., UVB, PUVA) or pharmacologic treatment with methotrexate, cyclosporine or acitretin.",No,1,No,Yes,No,Dermatologist,12,12,Yes,Authorization of 12 months may be granted for adult members who were previously authorized by HMSA/HMSA’s Pharmacy Benefit Manager and achieve or maintain a positive clinical response from Tremfya therapy as evidenced by low disease activity or improvement in signs and symptoms of the condition when either of the following is met:,75
58918-4969735.pdf,STELARA,>=6,"Member has had an inadequate response or intolerance to either phototherapy (e.g., UVB, PUVA) or pharmacologic treatment with methotrexate, cyclosporine, or acitretin. Member has a clinical reason to avoid pharmacologic treatment with methotrexate, cyclosporine, and acitretin (see Appendix).",No,1,No,Yes,No,NA,12,12,Yes,Authorization of 12 months may be granted to members 6 years of age and older who were previously authorized by HMSA/CVS for the requested drug and achieve or maintain a positive clinical response as evidenced by low disease activity or improvement in signs and symptoms of the condition when either of the following is met:,100
258492-5030356.pdf,STELARA,>=18,"For Abrilada, adalimumab-aacf, adalimumab-aaty, adalimumab-adbm, adalimumab-fkjp, Amjevita, Cyltezo, Hulio, Humira, Hyrimoz, Idacio, Imuldosa SQ, Omvoh SQ, Otulfi SQ, Pyzchiva SQ, Selarsdi SQ, Simlandi, Simponi, Stelara SQ, Velsipity, Steqeyma SQ, ustekinumab-aekn SQ, ustekinumab- HIKMA, ustekinumab-JJ, ustekinumab-ttwe SQ, Wezlana SQ, Yesintek SQ, Yuflyma, Yusimry, Zeposia or Zymfentra, the member must have a documented inadequate response, intolerable adverse event or contraindication to ALL of the following: • Rinvoq, Skyrizi SQ, Tremfya SQ, Velsipity, Stelara SQ,AND Xeljanz/Xeljanz XR • , and adalimumab-adaz, Hyrimoz (Cordavis) or OR Hadlima. 2.• Pyzchiva SQ (Cordavis or Sandoz), Yesintek SQ OR Stelara SQ",6,No,No,No,No,NA,Unspecified,NA,NA,NA,75
379899-5030421.pdf,STELARA,>=6,"who have previously received a biologic or targeted synthetic drug (e.g., Sotyktu, Otezla) indicated for treatment of moderate to severe plaque psoriasis. Member has had an inadequate response or intolerance to either phototherapy (e.g., UVB, PUVA) or pharmacologic treatment with methotrexate, cyclosporine, or acitretin.",No,1,No,Yes,No,Dermatologist,12,12,Yes,Authorization of 12 months may be granted to members 6 years of age and older who were previously authorized by HMSA/HMSA’s Pharmacy Benefit Manager for the requested drug and achieve or maintain a positive clinical response as evidenced by low disease activity or improvement in signs and symptoms of the condition when either of the following is met:,75
362198-4805629.pdf,STELARA,FDA approved age,"Coverage Criteria 1 through 2 are applicable; however, member must demonstrate failure of both oral agent AND phototherapy (unless clinically significant medical contraindications are documented). Member must fail a therapeutic trial of ALL HAP preferred anti-TNF agents (unless clinically significant medical contraindications are documented). Failure of TNF inhibitor treatment is defined as a minimum of three months trial with <50% clearing of psoriasis plaques from the initially affected body surface. Member must fail a therapeutic trial (3 months) of oral apremilast (Specific prior authorization coverage applies. Refer to Pharmacy Care Management Prior Authorization Criteria Document).",2,1,Yes,No,No,Dermatologist,6,12,Yes,Plaque psoriasis: Continuation coverage is limited to Members who demonstrate clearing of 50% or greater of affected body surface area of plaque psoriasis,75
333345-4841422.pdf,TREMFYA,>=18,"Documented failure, intolerance, or contraindication to topical therapy (topical corticosteroids, vitamin D analogs, etc) Documented failure to respond to a minimum 3 month trial, intolerance, or contraindication to Taltz and any TWO of the following: Cimzia, Enbrel, Otezla, Covered ustekinumab biosimilars, Tremfya, Skyrizi Documented failure to respond to a minimum 3 month trial, intolerance, or contraindication to Taltz and Cimzia, Covered adalimumab biosimilars, Enbrel, Covered ustekinumab biosimilars, Tremfya, Skyrizi",3,No,No,Yes,No,NA,Unspecified,NA,NA,NA,75
372505-5024739.pdf,STELARA,>=6,"Member has had a minimum duration of a 4-week trial and failure, or intolerance to ONE of the following topical therapies or contraindication to ALL of them: Corticosteroids, Vitamin D analogs, Tazarotene, Calcineurin inhibitors, Anthralin, Coal tar",No,1,No,No,"Psoriasis: quantity limit 1 injection/4 weeks for the first 2 fills, followed by 1 injection/12 weeks.",Dermatologist,6,12,Yes,Member must have demonstrated a clinical response to therapy (i.e. reduction in body surface area involvement or improvement in PASI score),75
372229-5027532.pdf,TREMFYA,>=18,"Member must be intolerant or failed a trial of at least ONE (1) of the following: a DMARD (i.e., methotrexate, sulfasalazine, hydroxychloroquine, aurothioglucose, auranofin, gold sodium thiomalate, azathioprine, d-penicillamine, cyclosporine, leflunomide AND Member has had a minimum duration of a 4-week trial and failure, or intolerance to ONE of the following topical therapies or contraindication to ALL of them: Corticosteroids, Vitamin D analogs, Tazarotene, Calcineurin inhibitors, Anthralin, Coal tar",No,2,No,No,Plaque psoriasis and psoriatic arthritis: 100mg strength only: 2/28 for the first month then 1/56,Dermatologist,6,12,Yes,"Documentation of positive clinical response to Tremfya therapy (e.g., labs, sign/symptom reduction, no disease progression, no significant toxicity)",75
372479-5037971.pdf,STELARA,>=6,"Member has had a minimum duration of a 4-week trial and failure, or intolerance to ONE of the following topical therapies or contraindication to ALL of them: Corticosteroids, Vitamin D analogs, Tazarotene, Calcineurin inhibitors, Anthralin, Coal tar",No,1,No,No,"Psoriasis: quantity limit 1 injection/4 weeks for the first 2 fills, followed by 1 injection/12 weeks.",Dermatologist,6,12,Yes,Member must have demonstrated a clinical response to therapy (i.e. reduction in body surface area involvement or improvement in PASI score),75
84074-5053811.pdf,STELARA,>=6,"Patient did not respond adequately (or is not a candidate) to a trial of topical agents (i.e., corticosteroids); AND Patient did not respond adequately (or is not a candidate***) to a trial of phototherapy (i.e., psoralens with UVA light [PUVA] or UVB with coal tar or dithranol)",No,No,Yes,No,Subcutaneous Loading: • 90 billable units (90 mg) at weeks 0 & 4; maintenance dosing 12 weeks later Subcutaneous Maintenance: • 90 billable units (90 mg) every 12 weeks; • 45 billable units (45mg) at weeks 0 & 4; maintenance dosing 12 weeks later Subcutaneous Maintenance: • 45 billable units (45 mg) every 12 weeks,Dermatologist,6,12,Yes,Unspecified,75
51842-4975862.pdf,STELARA,>=6,"Documentation of a trial of at least 14 weeks of Steqeyma or Yesintek resulting in minimal clinical response to therapy and residual disease activity. Documentation of intolerance, contraindication, or adverse event to Steqeyma or Yesintek. History of failure to a 3 month trial of methotrexate at the maximally indicated dose, unless contraindicated or clinically significant adverse effects are experienced. Patient has been previously treated with a targeted immunomodulator FDA-approved for the treatment of plaque psoriasis [e.g., adalimumab, Bimzelx (bimekizumab-bkzx), Cimzia (certolizumab), Cosentyx (secukinumab), Enbrel (etanercept), Ilumya (tildrakizumab), Otezla (apremilast), Skyrizi (risankinumab), Siliq (brodalumab), Sotyktu (deucravacitinib), Taltz (ixekizumab), Tremfya (guselkumab)].",1,1,No,No,No,Dermatologist,12,12,Yes,"Documentation of positive clinical response; and Prescriber attestation that the patient or caregiver are not able to be trained or are physically unable to administer ustekinumab FDA labeled for self-administration; prescriber must submit explanation; and Ustekinumab is initiated and titrated according to US Food and Drug Administration labeled dosing for plaque psoriasis; and Patient is not receiving ustekinumab in combination with a targeted immunomodulator [e.g., adalimumab, Bimzelx (bimekizumab-bkzx), Cimzia (certolizumab), Cosentyx (secukinumab), Enbrel (etanercept), Ilumya (tildrakizumab), Otezla (apremilast), Skyrizi (risankizumab), Siliq (brodalumab), Sotyktu (deucravacitinib), Taltz (ixekizumab), Tremfya (guselkumab)]; and Authorization is for no more than 12 months",75
255517-4865097.pdf,TREMFYA,>=18,"One of the following: (a) All of the following: ii. History of failure to one of the following topical therapies, unless contraindicated or clinically significant adverse effects are experienced (document drug, date, and duration of trial): a. Corticosteroids (e.g., betamethasone, clobetasol, desonide) b. Vitamin D analogs (e.g., calcitriol, calcipotriene) c. Tazarotene d. Calcineurin inhibitors (e.g., tacrolimus, pimecrolimus) e. Anthralin f. Coal tar -OR- (b) Patient has been previously treated with a targeted immunomodulator FDA-approved for the treatment of plaque psoriasis as documented by claims history or submission of medical records (Document drug, date, and duration of therapy) [e.g., Cimzia (certolizumab), adalimumab, Otezla (apremilast), Skyrizi (risankizumab), ustekinumab].",No,1,No,No,No,Dermatologist,12,12,Yes,"Tremfya will be approved based on all of the following criteria: (1) Documentation of positive clinical response to Tremfya therapy -AND- (2) Patient is not receiving Tremfya in combination with another targeted immunomodulator [e.g., Enbrel (etanercept), Cimzia (certolizumab), Simponi (golimumab), Orencia (abatacept), adalimumab, ustekinumab, Skyrizi (risankizumab), Cosentyx (secukinumab), Taltz (ixekizumab), Siliq (brodalumab), Ilumya (tildrakizumab), Xeljanz (tofacitinib), Olumiant (baricitinib), Rinvoq (upadacitinib), Otezla (apremilast)]",75
255515-5050321.pdf,STELARA,>=6,"One of the following: (a) All of the following: ii. History of failure to one of the following topical therapies, unless contraindicated or clinically significant adverse effects are experienced (document drug, date, and duration of trial): a. Corticosteroids (e.g., betamethasone, clobetasol, desonide) b. Vitamin D analogs (e.g., calcitriol, calcipotriene) c. Tazarotene d. Calcineurin inhibitors (e.g., tacrolimus, pimecrolimus) e. Anthralin f. Coal tar -AND- iii. History of failure to a 3 month trial of methotrexate at maximally indicated dose, unless contraindicated or clinically significant adverse effects are experienced (document date and duration of trial)b -OR- (b) Patient has been previously treated with a targeted immunomodulator FDA-approved for the treatment of plaque psoriasis as documented by claims history or submission of medical records (Document drug, date, and duration of therapy) [e.g., Cimzia (certolizumab), adalimumab, Otezla (apremilast), Skyrizi (risankizumab), Tremfya (guselkumab)].",No,1,No,No,No,Dermatologist,12,12,Yes,Documentation of positive clinical response to the requested ustekinumab therapy,100
167126-4508319.pdf,TREMFYA,>=18,No,No,No,No,No,No,Dermatologist,Unspecified,NA,NA,NA,100
187701-5050284.pdf,TREMFYA,Any,"The patient must be a candidate for systemic therapy or phototherapy and meet for ONE of the following (A or B) A. The patient must have had a 3-month trial of systemic therapy (i.e., acitretin, methotrexate, or cyclosporine) that resulted in an inadequate response (failure). A 3-month trial will not be required if the member experienced serious side effects during a trial of one of the aforementioned agents OR B. The patient must have had a 3-month trial of Ultraviolet B (UVB) Phototherapy or Psoralen Ultraviolet A (PUVA) Phototherapy that resulted in an inadequate response (failure)",No,1,No,No,No,NA,Unspecified,NA,NA,NA,100
296792-5001283.pdf,STELARA,>=6,"Trial of all preferred formulary agents is required unless all are contraindicated. Trial must result in an inadequate response after four consecutive months of use per medication or a severe adverse reaction. Other therapies [must meet one listed below]: unless all are contraindicated. Trials must result in an inadequate response after four consecutive months of use per medication or a severe adverse reaction. a. Local therapies: topical (steroids, vitamin D analogs, coal tar, dithranol), phototherapy, photo chemotherapy. b. Systemic therapy: cyclosporine, methotrexate.",1,1,No,No,No,NA,6,Unspecified,Yes,a. Decreased or sustained reduction in disease activity. b. Adherence [must meet one listed below]: i. Medications processed on the medical benefit: consistent utilization (at least 80% of days covered) history documented in claims history or chart notes. ii. Medications processed on the pharmacy benefit: consistent (at least 80% of days covered) fill history electronically or verbally from the pharmacy.,75
296792-5001283.pdf,TREMFYA,>=6,"Other therapies: Trial of the following therapies are required unless all are contraindicated. Trial must result in an inadequate response after four consecutive months of use per medication or a severe adverse reaction. Chronic traditional disease-modifying anti-rheumatic drug: azathioprine, methotrexate. For Plaque Psoriasis, unless all are contraindicated, trials must result in an inadequate response after four consecutive months of use per medication or a severe adverse reaction. Local therapies: topical (steroids, vitamin D analogs, coal tar, dithranol), phototherapy, photo chemotherapy. Systemic therapy: cyclosporine, methotrexate.",No,3,No,No,No,NA,6,6,Yes,Decreased or sustained reduction in disease activity. Adherence [must meet one listed below]: i. Medications processed on the medical benefit: consistent utilization (at least 80% of days covered) history documented in claims history or chart notes. ii. Medications processed on the pharmacy benefit: consistent (at least 80% of days covered) fill history electronically or verbally from the pharmacy.,75
305769-4866320.pdf,STELARA,>=6,"• Patient did not respond adequately (or is not a candidate) to a 4-week minimum trial of at least TWO (2) therapeutically different topical agents (i.e., anthralin, coal tar preparations, corticosteroids, emollients, immunosuppressives, keratolytics, retinoic acid derivatives, and/or vitamin D analogues); AND • Patient did not respond adequately (or is not a candidate) to a 3-month minimum trial of at least ONE (1) non-biologic systemic agent (i.e., immunosuppressives, retinoic acid derivatives, and/or methotrexate); AND • Patient did not respond adequately (or is not a candidate*) to a 3-month minimum trial of phototherapy (i.e., psoralens with UVA light [PUVA] or UVB with coal tar or dithranol)",No,2,Yes,Yes,Maximum Units: Indication | Billable Units Per Number of Days Plaque psoriasis (Moderate to Severe) & Psoriatic Arthritis with co- existent moderate-severe Plaque Psoriasis | 90 | Initiation: 0 and 4 weeks Maintenance: starting 12 weeks after last initiation dose; every 12 weeks,NA,6,6,Yes,Unspecified,75
298309-4972610.pdf,STELARA,Any,"If the requested agent is not listed as a preferred product, must have documented treatment failure or contraindication to the preferred product(s). Documented treatment failure with three or more of the following topical therapies for a duration of at least 4 weeks: Corticosteroids (eg, betamethasone, clobetasol, desonide), Vitamin D analogs (eg, calcitriol, calcipotriene), Tazarotene, Calcineurin inhibitors (eg, tacrolimus, pimecrolimus), Coal Tar, Anthralin",1,1,No,No,No,NA,4,12,Yes,with an updated letter of medical necessity or progress notes showing improvement or maintenance with the medication.,75
298309-4972610.pdf,TREMFYA,>=18,"2. Moderate to Severe Disease a. Documented treatment failure or contraindication to phototherapy or photochemotherapy. b. Documented treatment failure to one or contraindication to all conventional systemic immunosuppressant(s) (eg, acitretin, cyclosporine, methotrexate, etc).",No,1,Yes,No,"1 syringe or autoinjector for the first 28 days, then 1 syringe or autoinjector every 8 weeks",Dermatologist; Rheumatologist,4,12,Yes,with an updated letter of medical necessity or progress notes showing improvement or maintenance with the medication.,75
215824-5041653.pdf,TREMFYA,>=18,"Patient has tried at least at least one traditional systemic agent for psoriasis for at least 3 months, unless intolerant; OR Note: Examples include methotrexate, cyclosporine, or acitretin. A 3-month trial of psoralen plus ultraviolet A light (PUVA) also counts. An exception to the requirement for a trial of one traditional systemic agent for psoriasis can be made if the patient has already had a 3-month trial or previous intolerance to at least one biologic other than the requested drug. A biosimilar of the requested biologic does not count. Refer to Appendix for examples of biologics used for psoriasis. A patient who has already tried a biologic for psoriasis is not required to “step back” and try a traditional systemic agent for psoriasis.",No,1,No,No,No,Dermatologist,Unspecified,12,Yes,"Patient has been established on the requested drug for at least 3 months; AND Patient experienced a beneficial clinical response, defined as improvement from baseline (prior to initiating the requested drug) in at least one of the following: estimated body surface area, erythema, induration/thickness, and/or scale of areas affected by psoriasis; AND Compared with baseline (prior to initiating the requested drug), patient experienced an improvement in at least one symptom, such as decreased pain, itching, and/or burning.",75
371611-4978411.pdf,STELARA,>=6,"History of failure to one of the following, unless all are contraindicated or not tolerated: a. Phototherapy (UVB or PUVA) [minimum trial of 12 weeks]; OR b. Treatment with at least one non-Cytokine and CAM DMARD (e.g., methotrexate, cyclosporine, acitretin, azathioprine, etc.) [minimum trial of 12 weeks]",No,1,No,No,No,Dermatologist,6,6,Yes,Unspecified,75
371611-4978411.pdf,TREMFYA,>=18,"History of failure to one of the following, unless all are contraindicated or not tolerated: a. Phototherapy (UVB or PUVA) [minimum trial of 12 weeks]; OR b. Treatment with at least one non-Cytokine and CAM DMARD (e.g., methotrexate, cyclosporine, acitretin, azathioprine, etc.) [minimum trial of 12 weeks] Treatment with two preferred Cytokine and CAM Apple Health Preferred Drug List (PDL) medications has each been ineffective, unless all are contraindicated, or not tolerated [minimum trial of 12 weeks]",1,1,No,No,Plaque psoriasis and psoriatic arthritis: 100 mg/mL one-press autoinjector or PFS (#1 per box) Initial PA #1: 1 autoinjector or PFS per 28 days for the first month Initial PA #2: 1 autoinjector or PFS per 56 days for months 2-6 Renewal PA: #1 autoinjector or PFS per 56 days for one year,Dermatologist,6,12,Yes,Unspecified,75
363896-4716077.pdf,STELARA,>=6,a. Inadequate response or adverse reaction to at least a 3 month trial of one biologic DMARD that is FDA-approved for plaque psoriasis; OR b. Inadequate response or adverse reaction to at least a 3 month trial of two conventional therapies (as defined below) in any one of the following combinations (please note: these combinations i. 1 topical agent + 1 systemic agent; OR ii. 1 topical agent + 1 phototherapy; OR iii. 1 systemic agent + 1 phototherapy; OR iv. 2 systemic agents; OR,No,1,No,No,No,NA,Unspecified,Unspecified,Yes,a. The member has had a positive response to therapy: OR b. Documentation of clinical justification to continue therapy with the requested medication,100
275244-4659838.pdf,STELARA,>=6,"Moderate to severe plaque psoriasis (PsO); AND 3. ONE of the following: a. Inadequate response or adverse reaction to at least a 3-month trial of one biologic DMARD that is FDA-approved for plaque psoriasis; OR b. Inadequate response or adverse reaction to at least a 3-month trial of one conventional therapy (as defined below) in any one of the following combinations (please note: these combinations DO NOT have to be used concurrently): i. One topical agent plus one systemic agent; OR ii. One topical agent plus one phototherapy; OR iii. One systemic agent plus one phototherapy; OR iv. Two systemic agents; OR c. Contraindication to methotrexate, as determined by the prescriber; Plaque Psoriasis Methotrexate Azathioprine Cyclosporine",No,1,No,No,No,Dermatologist; Rheumatologist,6,12,Yes,1. Initial criteria have been met; AND 2. One of the following: a. The member has had a positive response to therapy; OR b. Documentation of clinical justification to continue therapy with the requested medication,75
282478-5009832.pdf,TREMFYA,>=18,An inadequate response or adverse reaction to one biologic DMARD that is FDA-approved for plaque psoriasis; OR An inadequate response or adverse reaction to at least a 3 consecutive month trial of any one of the following combinations (please note: these combinations DO NOT have to be used concurrently) i. one topical agent plus one systemic agent; OR ii. one topical agent plus one phototherapy; OR iii. one systemic agent plus one phototherapy; OR iv. two systemic agents;,No,1,No,No,No,NA,6,12,Yes,1. Initial criteria has been met; AND a. The member has had a positive response to therapy; OR b. Documentation of clinical justification to continue therapy with the requested medication,75
325611-4784675.pdf,TREMFYA,>=18,"a. An inadequate response (to at least 3 months of treatment) or adverse reaction to ONE of the following PDL preferred agents: Enbrel, a preferred adalimumab biosimilar product (adalimumab-aacf, adalimumab-adaz, adalimumab-adbm, adalimumab-fjkp, adalimumab-ryvk) OR Humira, infliximab (generic for Remicade), Otezla, Rinvoq, Taltz, or Xeljanz; OR b. A contraindication to ALL of the following: Enbrel, adalimumab, infliximab, Otezla, Rinvoq, Taltz, AND Xeljanz; AND a. An inadequate response or adverse reaction to at least a 3 month trial of ONE biologic DMARD that is FDA-approved for plaque psoriasis; OR b. An inadequate response or adverse reaction to at least a 3 month trial of any ONE of the following combinations (please note: these combinations DO NOT have to be used concurrently): i. one topical agent plus one systemic agent; OR ii. one topical agent plus one phototherapy; OR iii. one systemic agent plus one phototherapy; OR iv. two systemic agents; OR v. a contraindication to ALL conventional therapies (topical agents, phototherapy, and systemic agents); AND",No,1,No,No,No,Dermatologist,6,12,Yes,a. The member has had a positive response to therapy; OR b. Documentation of clinical justification to continue therapy with the requested medication,75
273941-4788109.pdf,STELARA,>=6,"a. An inadequate response or adverse reaction to at least a three consecutive month trial of any one of the following combinations (please note: these combinations DO NOT have to be used concurrently): i. one topical agent plus one systemic agent; OR ii. one topical agent plus one phototherapy; OR iii. one systemic agent plus one phototherapy; OR two systemic agents; OR iv. A contraindication to all conventional therapies (topical agents, phototherapy, and systemic agents); OR b. An inadequate response or adverse reaction to at least a three consecutive month trial of one biologic DMARD that is FDA-approved for plaque psoriasis; AND a. An inadequate response or adverse reaction to at least a three consecutive month trial of Enbrel, of Humira or a preferred adalimumab biosimilar product (adalimumab-aacf, adalimumab-adaz, adalimumab-adbm, adalimumab-fjkp, adalimumab-ryvk), infliximab (generic for Remicade), Otezla, or Taltz; OR b. A contraindication to ALL of the following: Enbrel, adalimumab, infliximab (generic for Remicade), Otezla, and Taltz;",No,1,No,No,No,NA,6,12,Yes,a. The member has had a positive response to therapy; OR b. Documentation of clinical justification to continue therapy with the requested medication,100
176810-4889390.pdf,TREMFYA,Any,"Member has had an inadequate response or intolerance to either phototherapy (e.g., UVB, PUVA) or pharmacologic treatment with methotrexate, cyclosporine, or acitretin. Member has previously received a biologic or targeted synthetic drug (e.g., Sotyktu, Otezla) indicated for the treatment of moderate to severe plaque psoriasis.",No,1,No,Yes,Plaque Psoriasis and Psoriatic Arthritis Initiation of therapy: 2 syringes/injectors per first 28 days Maintenance: 1 syringe/injector per 56 days,Dermatologist,12,12,Yes,who achieve or maintain positive clinical response as evidenced by low disease activity or improvement in signs and symptoms of the condition when any of the following is met:,75
176806-5005129.pdf,STELARA,>=6,"For this program, Otulfi (ustekinumab-aauz) is the preferred product. Non-preferred products including Imuldosa, Pyzchiva, Selarsdi, Stelara, Steqeyma, Wezlana, and Yesintek are generally excluded from coverage. Member has had an inadequate response or intolerance to either phototherapy (e.g., UVB, PUVA) or pharmacologic treatment with methotrexate, cyclosporine, or acitretin.",1,1,No,Yes,"Ustekinumab subcutaneous injection 45 mg/0.5 mL vial/syringe | Psoriasis (6 years and older)/ Psoriasis with or without co- existent PsA (adult) • ≤ 100 kg: 2 vials/syringes per first 28 days (load); 1 vial/syringe every 12 weeks (maintenance) • > 100 kg: 2 vials/syringes per first 28 days (load); 1 vial/syringe every 12 weeks (maintenance) Ustekinumab subcutaneous injection 90 mg/mL syringe | Psoriasis (6 years and older)*/ Psoriasis with or without co- existent PsA (adult) • ≤ 100 kg: 45 mg initially and 4 weeks later, followed by 45 mg every 12 weeks • > 100 kg: 90 mg initially and 4 weeks later, followed by 90 mg every 12 weeks",Dermatologist,12,12,Yes,who are using the requested medication for moderate to severe plaque psoriasis and who achieve or maintain positive clinical response as evidenced by low disease activity or improvement in signs and symptoms of the condition when any of the following is met:,75
313179-3560271.pdf,STELARA,>=6,"Plaque psoriasis: Preferred agents require evidence of failure after at least 90 days of topical therapy* with two different agents classified as an emollient, corticosteroid, topical retinoid or vitamin D analog. A 90-day trial of one DMARD (or a systemic retinoid such as acitretin) is also required. *Topical therapy requirement is waived for moderate-to-severe disease affecting at least 5% of the BSA or crucial body areas such as the hands, feet, face, neck, genitals/groin, or intertriginous areas. Non-preferred agents require 90-day trials of all preferred agents which are indicated for the diagnosis.",1,2,No,Yes,No,Dermatologist,Unspecified,NA,NA,NA,75
313179-3560271.pdf,TREMFYA,FDA approved age,"Plaque psoriasis: Preferred agents require evidence of failure after at least 90 days of topical therapy* with two different agents classified as an emollient, corticosteroid, topical retinoid or vitamin D analog. A 90-day trial of one DMARD (or a systemic retinoid such as acitretin) is also required. *Topical therapy requirement is waived for moderate-to-severe disease affecting at least 5% of the BSA or crucial body areas such as the hands, feet, face, neck, genitals/groin, or intertriginous areas. Non-preferred agents require 90-day trials of all preferred agents which are indicated for the diagnosis.",1,1,No,Yes,No,Dermatologist,Unspecified,NA,NA,NA,75
56263-4803097.pdf,STELARA,>=6,"Minimum duration of a 4-week trial and failure, contraindication, or intolerance to one of the following topical therapies [3]: corticosteroids (e.g., betamethasone, clobetasol) vitamin D analogs (e.g., calcitriol, calcipotriene) tazarotene calcineurin inhibitors (e.g., tacrolimus, pimecrolimus)",No,1,No,No,No,Dermatologist,6,12,Yes,"Patient demonstrates positive clinical response to therapy as evidenced by ONE of the following [1-3]: Reduction in the body surface area (BSA) involvement from baseline Improvement in symptoms (e.g., pruritus, inflammation) from baseline",75
183953-4805567.pdf,TREMFYA,>=18,"Minimum duration of a 4-week trial and failure, contraindication, or intolerance to one of the following topical therapies: corticosteroids (e.g., betamethasone, clobetasol) vitamin D analogs (e.g., calcitriol, calcipotriene) tazarotene calcineurin inhibitors (e.g., tacrolimus, pimecrolimus)",No,1,No,No,No,Dermatologist,6,12,Yes,"Patient demonstrates positive clinical response to therapy as evidenced by ONE of the following [1-3]: Reduction in the body surface area (BSA) involvement from baseline Improvement in symptoms (e.g., pruritus, inflammation) from baseline",75
365374-5059388.pdf,STELARA,Any,The member has taken two preferred cytokine and CAM antagonist drugs for at least three consecutive months each and experienced an unsatisfactory therapeutic response or experienced a clinically significant adverse drug reaction. (Note: ForwardHealth will only consider use of Cyltezo or Humira as one of the preferred cytokine and CAM antagonist drugs.),1,No,No,No,No,Dermatologist,6,12,Yes,Renewal PA requests for non-preferred cytokine and CAM antagonist drugs must include supporting clinical information and copies of the member's current medical records demonstrating that the member had a significant reduction in symptoms compared to their baseline prior to the initiation of the non-preferred cytokine and CAM antagonist drug. All renewal PA requests require the member to be adherent with the prescribed treatment regimen.,75
365374-5059388.pdf,TREMFYA,Any,The member has taken two preferred cytokine and CAM antagonist drugs for at least three consecutive months each and experienced an unsatisfactory therapeutic response or experienced a clinically significant adverse drug reaction. (Note: ForwardHealth will only consider use of Cyltezo or Humira as one of the preferred cytokine and CAM antagonist drugs.),1,No,No,No,No,Dermatologist,6,12,Yes,Renewal PA requests for non-preferred cytokine and CAM antagonist drugs must include supporting clinical information and copies of the member's current medical records demonstrating that the member had a significant reduction in symptoms compared to their baseline prior to the initiation of the non-preferred cytokine and CAM antagonist drug. All renewal PA requests require the member to be adherent with the prescribed treatment regimen.,75
56403-5061730.pdf,STELARA,Any,"Plaque Psoriasis: Client must have diagnosis and a 56-day trial and failure of two of the three preferred agents (ENBREL, HUMIRA, OTEZLA)",1,No,No,No,No,NA,Unspecified,NA,NA,NA,100
299241-4702948.pdf,STELARA,Any,"Trial and failure of ≥ 3 months of at least one (1) conventional systemic therapy, unless contraindicated or clinically significant adverse effects are experienced: Methotrexate [MTX], Cyclosporine, Acitretin, Phototherapy (psoralen plus ultraviolet A light [PUVA]). Exception: If one biologic DMARD that is FDA-approved for plaque psoriasis has been previously tried, then trial of a conventional systemic agent or phototherapy is not required;",No,1,No,No,No,NA,12,12,Yes,Member is currently receiving medication that has been authorized..,100
297411-4840622.pdf,TREMFYA,Any,"Trial and failure of ≥ 3-month of at least one (1) conventional systemic therapy (e.g., azathioprine, 6-mercaptopurine, methotrexate), unless contraindicated or clinically significant adverse effects are experienced; Trial and failure of corticosteroids (e.g., prednisone, methylprednisolone, budesonide), unless contraindicated or significant adverse effects experienced.",No,2,No,No,No,NA,12,12,Yes,Member is currently receiving medication that has been authorized.. or the member has met initial approval criteria.,100
8889-4641730.pdf,AMJEVITA,Any,"Biologics are routinely used when one or more traditional systemic agents fail to produce adequate response, but are considered first line in patients with moderate to severe psoriasis with concomitant severe PsA.",No,1,No,No,Amjevita | adalimumab-atto soln auto-injector | 40 MG/0.4 ML | 2 | Pens | 28 | DAYS Amjevita | adalimumab-atto soln auto-injector | 40 MG/0.8 ML | 2 | Pens | 28 | DAYS Amjevita | adalimumab-atto soln auto-injector | 80 MG/0.8 ML | 2 | Pens | 28 | DAYS Amjevita | adalimumab-atto soln prefilled syringe | 10 MG/0.2 ML | 2 | Syringes | 28 | DAYS Amjevita | adalimumab-atto soln prefilled syringe | 20 MG/0.2 ML | 2 | Syringes | 28 | DAYS Amjevita | adalimumab-atto soln prefilled syringe | 20 MG/0.4 ML | 2 | Syringes | 28 | DAYS Amjevita | adalimumab-atto soln prefilled syringe | 40 MG/0.4 ML | 2 | Syringes | 28 | DAYS Amjevita | adalimumab-atto soln prefilled syringe | 40 MG/0.8 ML | 2 | Syringes | 28 | DAYS,NA,12,NA,NA,NA,100
8898-4735285.pdf,COSENTYX,>=6,The individual has failed (see definition of Failure in Policy Guidelines section) previous treatment with at least ONE of the listed conventional agents; OR The individual has an FDA-labeled contraindication or hypersensitivity to ALL conventional agents; OR There is documentation that the individual is currently being treated with the requested agent (use of samples or vouchers/coupons is not approvable). Medication failure is defined as disease progression despite maximally tolerated dose (>3 consecutive months use) as appropriate for disease state being treated. Conventional Agent Prerequisites Psoriasis (PS) | Methotrexate Cyclosporine Psoralen (methoxsalen or acitretin) with UVA radiation UVB & coal tar on ditranol Acitretin Narrow Band UVB (NBUVB),No,1,No,Yes,No,Board Certified Dermatologist,12,12,Yes,"The requested agents may be approved for renewal when ALL of the following criteria are met: 2. The individual has shown clinical improvement (i.e. slowing of disease progression or decrease in symptom severity and/or frequency); 4. The individual is not currently being treated with another biologic immunomodulatory agent (i.e., TNF- inhibitor, IL-inhibitor, anti IgE antibody, etc.) or Otezla; AND",75
9023-4381765.pdf,ENBREL,>=4,"NOTE: An exception to the requirement for a trial of one traditional systemic agent for psoriasis can be made if the patient has already has a 3-month trial or previous intolerance to at least one biologic (e.g., Cosentyx® [secukinumab SC injection], an adalimumab product [e.g., Humira], an infliximab product [e.g., Remicade, Renflexis, Inflectra], Siliq [brodalumab SC injection], Stelara® [ustekinumab SC injection], Taltz® [ixekizumab SC injection], or Tremfya [guselkumab SC injection]). These patients who have already tried a biologic for psoriasis are not required to “step back” and try a traditional systemic agent for psoriasis); OR ii. The patient experienced an intolerance to a trial of at least one oral or biologic therapy for plaque psoriasis (e.g., MTX, cyclosporine, Soriatane, Humira, Remicade, or Stelara); OR iii. The patient has a contraindication to one oral agent for psoriasis such as MTX, as determined by the prescribing physician;",No,1,No,No,No,Dermatologist,3,12,Yes,"Applies if the patient has had a response, as determined by the prescriber. The patient may not have a full response, but there should have been a recent or past response to Enbrel.",75
9026-4997564.pdf,REMICADE,>=18,"Patient must try and have an inadequate response, contraindication, or intolerance to a 3-month trial of AVSOLA AND INFLECTRA; Patient did not respond adequately (or is not a candidate) to a 4-week minimum trial of topical agents (i.e., anthralin, coal tar preparations, corticosteroids, emollients, immunosuppressives, keratolytics, tapinarof, roflumilast, retinoic acid derivatives, and/or vitamin D analogues); Patient did not respond adequately (or is not a candidate) to a 3-month minimum trial of at least one non-biologic systemic agent (i.e., immunosuppressives, retinoic acid derivatives, and/or methotrexate); Patient did not respond adequately (or is not a candidate**) to a 3-month minimum trial of phototherapy (i.e., psoralens with UVA light [PUVA] or UVB with coal tar or dithranol)",1,2,Yes,Yes,"60 billing units at weeks 0, 2, 6 then 60 billing units every 56 days",NA,6,12,Yes,"Patient continues to meet the universal and other indication-specific relevant criteria identified in section III; AND Duration of authorization has not been exceeded (refer to Section I); AND Absence of unacceptable toxicity from the drug. Examples of unacceptable toxicity include: severe hypersensitivity reactions, malignancy (e.g., lymphoma including hepatosplenic T-cell lymphoma, skin cancers, cervical cancer, etc.), significant hematologic abnormalities (e.g., leukopenia, neutropenia, thrombocytopenia, pancytopenia), serious infections (e.g., TB, serious fungal infections, HBV reactivation, etc.), cardiovascular and cerebrovascular accidents, heart failure, neurotoxicity/demyelinating disorders, hepatotoxicity, lupus-like syndrome, etc.",50
55182-4590747.pdf,SILIQ,Any,"C. The patient has a diagnosis of moderate to severe plaque psoriasis (PS) AND ONE of the following: 1. The patient has tried and had an inadequate response to ONE conventional agent (i.e., acitretin, anthralin, calcipotriene, calcitriol, coal tar products, cyclosporine, methotrexate, pimecrolimus, PUVA [phototherapy], tacrolimus, tazarotene, topical corticosteroids) used in the treatment of PS after at least a 3-month duration of therapy OR 2. The patient has an intolerance or hypersensitivity to ONE conventional agent used in the treatment of PS OR 3. The patient has an FDA labeled contraindication to ALL conventional agents used in the treatment of PS",No,1,No,Yes,No,Dermatologist,4,Unspecified,Yes,Unspecified,75
66156-4274314.pdf,CIMZIA,Any,No,No,No,No,No,No,NA,Unspecified,NA,NA,NA,100
163262-4627017.pdf,BIMZELX,>=18,"c. The member meets one (1) of the following criteria (i., ii., or iii.): i. The member has experienced therapeutic failure or intolerance to phototherapy (e.g. PUVA, UVB). ii. The member has experienced therapeutic failure or intolerance to at least one (1) systemic therapy (e.g., methotrexate). iii. The member is contraindicated to both phototherapy and systemic therapy. d. The member has experienced therapeutic failure or intolerance to at least two (2) preferred biologic products for the treatment of PsO (see Table 1).",1,1,No,No,Diagnosis Induction Therapy Maintenance Therapy PsO (< 120 kg)1 Ten (10) autoinjectors/prefilled syringes within the first sixteen (16) weeks of therapy Two (2) autoinjectors/prefilled syringes every eight (8) weeks PsO (≥ 120 kg)1 Ten (10) autoinjectors/prefilled syringes within the first sixteen (16) weeks of therapy Two (2) autoinjectors/prefilled syringes every four (4) weeks -OR- Two (2) autoinjectors/prefilled syringes every eight (8) weeks,NA,Unspecified,NA,NA,NA,75
195158-4643510.pdf,SKYRIZI,Any,"patient has experienced an inadequate treatment response or intolerance to either phototherapy (e.g., UVB, PUVA) or pharmacologic treatment with methotrexate, cyclosporine, or acitretin",No,1,No,No,No,NA,12,12,Yes,Unspecified,100
195239-4641478.pdf,OTEZLA,>=18,No,No,No,No,No,No,Dermatologist; Rheumatologist,12,12,Yes,must have documentation from prescriber indicating stabilization or improvement in condition.,75
203402-5001149.pdf,YESINTEK,>=6,"for PsO, allowed phototherapy as alternative to systemic conventional DMARD if contraindicated or clinically significant adverse effects are experienced",No,1,No,No,No,NA,6,NA,NA,NA,100
247339-4770410.pdf,OTULFI,>=6,"revised redirection for AS, PsA, PsO, and RA to require ALL among the list of preferred products; for PsO, added redirection to Enbrel and Otezla as alternative option with “or” instead of “and” language to list of preferred redirected agents.",1,No,No,No,90 mg every 12 weeks,NA,Unspecified,Unspecified,Yes,Unspecified,75
269830-4591538.pdf,ENBREL,Any,No,No,No,No,No,No,NA,Unspecified,12,Yes,if the patient meets the standard Inflammatory Conditions – Enbrel Prior Authorization Policy criteria.,100
270625-4631548.pdf,ILUMYA,>=18,"When a benefit, coverage of Ilumya may be approved when all of the following criteria are met (a. through e.): a. The member is 18 years of age or older. b. The member has a diagnosis of moderate to severe PsO. c. The medication is prescribed by or in consultation with a dermatologist. d. The member meets one (1) of the following criteria (i., ii., or iii.): i. The member has experienced therapeutic failure or intolerance to phototherapy (e.g., PUVA, UVB). ii. The member has experienced therapeutic failure or intolerance to at least one (1) systemic therapy (e.g., methotrexate). iii. The member is contraindicated to both phototherapy and systemic therapy. e. The member has experienced therapeutic failure or intolerance to at least two (2) step 1 or 2 plan-preferred agents for the treatment of PsO (see Table 1).",1,1,No,No,No,Dermatologist,Unspecified,Unspecified,Yes,"When a benefit, reauthorization of Ilumya may be approved when the following criterion is met (1.):",75
283789-5060638.pdf,ENBREL,>=4,No,No,No,No,No,No,NA,12,NA,NA,NA,100
287728-4459856.pdf,STELARA,Any,No,No,No,No,No,No,NA,Unspecified,12,Yes,"For any ongoing authorization, clinical documentation (including, but not limited to chart notes) must be provided to confirm that current medical necessity criteria are met, and that the medication is providing clinical benefit, such as disease stability or improvement.",100
308650-4595103.pdf,ACITRETIN,Any,"Patient is unresponsive to at least 2 conventional therapies (topical corticosteroids, vitamin D analogs, Tazorac, topical tacrolimus, Elidel, phototherapy).",No,1,No,No,No,NA,Unspecified,NA,NA,NA,100
315085-4653251.pdf,OTEZLA,FDA approved age,"Use of ONE conventional prerequisite agent is required for diagnoses of psoriatic arthritis or plaque psoriasis. Formulary conventional agents (topical or systemic) for plaque psoriasis include acitretin, calcipotriene, methotrexate, tazarotene, or topical corticosteroids. Patient has tried and had an inadequate response to at least ONE conventional prerequisite agent for the requested indication OR Patient has an intolerance or hypersensitivity to at least ONE conventional prerequisite agent for the requested indication OR Patient has an FDA labeled contraindication to at least ONE conventional prerequisite agent for the requested indication",No,1,No,No,No,NA,Unspecified,Unspecified,Yes,Unspecified,100
326557-4901234.pdf,AMJEVITA,Any,No,No,No,No,No,2 Pens/Syringes for 28 DAYS,NA,12,Unspecified,Yes,Unspecified,100
330107-4979411.pdf,YESINTEK,>=6,"Member has had an inadequate response or intolerance to either phototherapy (e.g., UVB, PUVA) or pharmacologic treatment with methotrexate, cyclosporine, or acitretin.",No,1,No,Yes,• Yesintek (ustekinumab-kfce) 130 mg/26 mL single-dose vial o 4 vials (1 dose) • Yesintek (ustekinumab-kfce) subcutaneous injection 45 mg/0.5 mL single-dose vial/prefilled syringe o 1 vial/syringe per 84 days o Exception limit: 2 vials/syringes per 28 days • Yesintek (ustekinumab-kfce) subcutaneous injection 90 mg/mL prefilled syringe o 1 syringe per 56 days o Exception limit: 2 syringes per 28 days,Dermatologist,12,12,Yes,"Authorization of 12 months may be granted for all members 6 years of age and older (including new members) who are using the requested medication for moderate to severe plaque psoriasis and who achieve or maintain a positive clinical response as evidenced by low disease activity or improvement in signs and symptoms of the condition when either of the following is met: • Reduction in body surface area (BSA) affected from baseline • Improvement in signs and symptoms from baseline (e.g., itching, redness, flaking, scaling, burning, cracking, pain). Chart notes or medical record documentation of decreased body surface area (BSA) affected and/or improvement in signs and symptoms.",75
361202-4967201.pdf,TREMFYA,>=18,No,No,No,No,No,No,NA,Unspecified,NA,NA,NA,100
377585-4984547.pdf,STELARA,>=6,"Documentation of moderate to severe chronic plaque psoriasis OR involvement of the palms, soles of feet and scalp, with an inadequate response, intolerance or contraindication with TWO of the following therapies: Enbrel, Humira, Otezla, Skyrizi.",1,No,No,No,No,Dermatologist,6,12,Yes,Extensions requests will be approved up to 12 months if the member has a continued benefit to therapy. Extension requests where the ustekinumab did not have the full desired effect or considered a clinical failure will require clinical rationale for continuing.,75
